{"name": "Alabama", "post_abbr": "AL"}
{"name": "Alaska", "post_abbr":  "AK"}
{"name": "Arizona", "post_abbr": "AZ"}
{"name": "Arkansas", "post_abbr": "AR"}
{"name": "California", "post_abbr": "CA"}
{"name": "Colorado", "post_abbr": "CO"}
{"name": "Connecticut", "post_abbr": "CT"}
{"name": "Delaware", "post_abbr": "DE"}
{"name": "Florida", "post_abbr": "FL"}
{"name": "Georgia", "post_abbr": "GA"}
{"name": "Hawaii", "post_abbr": "HI"}
{"name": "Idaho", "post_abbr": "ID"}
{"name": "Illinois", "post_abbr": "IL"}
{"name": "Indiana", "post_abbr": "IN"}
{"name": "Iowa", "post_abbr": "IA"}
{"name": "Kansas", "post_abbr": "KS"}
{"name": "Kentucky", "post_abbr": "KY"}
{"name": "Louisiana", "post_abbr": "LA"}
{"name": "Maine", "post_abbr": "ME"}
{"name": "Maryland", "post_abbr": "MD"}
{"name": "Massachusetts", "post_abbr": "MA"}
{"name": "Michigan", "post_abbr": "MI"}
{"name": "Minnesota", "post_abbr": "MN"}
{"name": "Mississippi", "post_abbr": "MS"}
{"name": "Missouri", "post_abbr": "MO"}
{"name": "Montana", "post_abbr": "MT"}
{"name": "Nebraska", "post_abbr": "NE"}
{"name": "Nevada", "post_abbr": "NV"}
{"name": "New Hampshire", "post_abbr": "NH"}
{"name": "New Jersey", "post_abbr": "NJ"}
{"name": "New Mexico", "post_abbr": "NM"}
{"name": "New York", "post_abbr": "NY"}
{"name": "North Carolina", "post_abbr": "NC"}
{"name": "North Dakota", "post_abbr": "ND"}
{"name": "Ohio", "post_abbr": "OH"}
{"name": "Oklahoma", "post_abbr": "OK"}
{"name": "Oregon", "post_abbr": "OR"}
{"name": "Pennsylvania", "post_abbr": "PA"}
{"name": "Rhode Island", "post_abbr": "RI"}
{"name": "South Carolina", "post_abbr": "SC"}
{"name": "South Dakota", "post_abbr": "SD"}
{"name": "Tennessee", "post_abbr": "TN"}
{"name": "Texas", "post_abbr": "TX"}
{"name": "Utah", "post_abbr": "UT"}
{"name": "Vermont", "post_abbr": "VT"}
{"name": "Virginia", "post_abbr": "VA"}
{"name": "Washington", "post_abbr": "WA"}
{"name": "West Virginia", "post_abbr": "WV"}
{"name": "Wisconsin", "post_abbr": "WI"}
{"name": "Wyoming", "post_abbr": "WY"}
