{
	"info": {
		"_postman_id": "3285dc14-f15e-475d-85e0-c0a9889a25a3",
		"name": "GCP AI APIs",
		"schema": "https://schema.getpostman.com/json/collection/v2.1.0/collection.json"
	},
	"item": [
		{
			"name": "Translation API",
			"request": {
				"method": "POST",
				"header": [],
				"body": {
					"mode": "raw",
					"raw": "{\r\n  \"q\": \"नमस्कार मैं महेश कुमार हूं मैं बेंगलुरु का निवासी हूं\",\r\n  \"source\": \"hi\",\r\n  \"target\": \"en\",\r\n  \"format\": \"text\"\r\n}",
					"options": {
						"raw": {}
					}
				},
				"url": {
					"raw": "https://translation.googleapis.com/language/translate/v2?key={{API_KEY}}",
					"protocol": "https",
					"host": [
						"translation",
						"googleapis",
						"com"
					],
					"path": [
						"language",
						"translate",
						"v2"
					],
					"query": [
						{
							"key": "key",
							"value": "{{API_KEY}}"
						}
					]
				}
			},
			"response": []
		},
		{
			"name": "Speech-to-Text API",
			"request": {
				"method": "POST",
				"header": [],
				"body": {
					"mode": "raw",
					"raw": "{\r\n  \"config\": {\r\n      \"encoding\":\"FLAC\",\r\n      \"sampleRateHertz\": 16000,\r\n      \"languageCode\": \"en-US\",\r\n      \"enableWordTimeOffsets\": false\r\n  },\r\n  \"audio\": {\r\n      \"uri\":\"gs://cloud-samples-tests/speech/brooklyn.flac\"\r\n  }\r\n}",
					"options": {
						"raw": {}
					}
				},
				"url": {
					"raw": "https://speech.googleapis.com/v1/speech:recognize?key={{API_KEY}}",
					"protocol": "https",
					"host": [
						"speech",
						"googleapis",
						"com"
					],
					"path": [
						"v1",
						"speech:recognize"
					],
					"query": [
						{
							"key": "key",
							"value": "{{API_KEY}}"
						}
					]
				}
			},
			"response": []
		},
		{
			"name": "Speech-to-Text API Multi Channel",
			"request": {
				"method": "POST",
				"header": [],
				"body": {
					"mode": "raw",
					"raw": "{\r\n  \"config\": {\r\n      \"audio_channel_count\": 2,\r\n      \"enable_separate_recognition_per_channel\": true,\r\n      \"languageCode\": \"en-US\"\r\n  },\r\n  \"audio\": {\r\n      \"uri\":\"gs://cloud-samples-data/speech/multi.wav\"\r\n  }\r\n}",
					"options": {
						"raw": {}
					}
				},
				"url": {
					"raw": "https://speech.googleapis.com/v1/speech:recognize?key={{API_KEY}}",
					"protocol": "https",
					"host": [
						"speech",
						"googleapis",
						"com"
					],
					"path": [
						"v1",
						"speech:recognize"
					],
					"query": [
						{
							"key": "key",
							"value": "{{API_KEY}}"
						}
					]
				}
			},
			"response": []
		},
		{
			"name": "NLP API",
			"request": {
				"method": "POST",
				"header": [],
				"body": {
					"mode": "raw",
					"raw": "{\r\n 'document':{\r\n    'type':'PLAIN_TEXT',\r\n    'content':'Michelangelo Caravaggio, Italian painter, is known for The Calling of Saint Matthew'\r\n  },\r\n  'encodingType':'UTF8'\r\n}  ",
					"options": {
						"raw": {}
					}
				},
				"url": {
					"raw": "https://language.googleapis.com/v1/documents:analyzeEntities?key={{API_KEY}}",
					"protocol": "https",
					"host": [
						"language",
						"googleapis",
						"com"
					],
					"path": [
						"v1",
						"documents:analyzeEntities"
					],
					"query": [
						{
							"key": "key",
							"value": "{{API_KEY}}"
						}
					]
				}
			},
			"response": []
		}
	],
	"protocolProfileBehavior": {}
}